Título do projeto;Palavras-chave;Situação;Data início;Data fim;Coordenação;Coordenador;Grupo de pesquisa;Linha de pesquisa;Área do conhecimento
Organização dos saberes no domínio de povos e comunidades tradicionais do brasil: linguagens, tecnologias, instituições informacionais e integração pragmática de dados.;"Epistemologia da Ciência da Informação; Filosofia da Linguagem; Filosofia da Cultura;  Epistemologia Histórica;  Linguagem. ";Finalizado;2019;2022;IBICT/COEPI;Gustavo Saldanha;Ecce Liber: Filosofia, Linguagem e Saberes;"1) História e epistemologia das ideias no pensamento informacional;
2) Filosofia e Epistemologia da organização dos saberes: estudos históricos e epistemológicos da Ciência da Informação;
3) Filosofia da Informação;
4) Estudos informacionais na perspectiva comparada e internacional;
5) Filosofia da Linguagem e estudos informacionais.";"Ciência da Informação
"
"Epistemologia histórica da ciência da informação e organização do conhecimento: dos fundamentos filosóficos da linguagem à teoria crítica da classificação.
";"Epistemologia; histórica da Ciência da Informação; Instituições; Conceitos; Artefatos; Intersujeitos. ";Finalizado;2019;2022;IBICT/COEPI;Gustavo Saldanha;Teoria, Epistemologia e Interdisciplinaridade da Ciência da Informação;"1) História e epistemologia das ideias no pensamento informacional;
2) Filosofia e Epistemologia da organização dos saberes: estudos históricos e epistemológicos da Ciência da Informação;
3) Filosofia da Informação;
4) Estudos informacionais na perspectiva comparada e internacional;
5) Filosofia da Linguagem e estudos informacionais.";"Ciência da Informação
"
Competência crítica em informação para o novo regime de informação.;"Regime de informação; competência em informação.";Finalizado;2021;2024;IBICT/COEPI;Arthur Coelho Bezerra;ESCRITOS – Estudos críticos em informação, tecnologia e organização social ;"Configurações Socioculturais, Políticas e Econômicas da Informação
";"Ciência da Informação
"
"
Inteligência artificial e qualidade de vida no ecossistema digital: a busca por autonomia no capitalismo de vigilância";"Inteligência Artificial; desinformação; ética da informação";Em Execução ;2023;2026;IBICT/COEPI;Arthur Coelho Bezerra;ESCRITOS – Estudos críticos em informação, tecnologia e organização social ;Configurações Socioculturais, Políticas e Econômicas da Informação;Ciência da Informação
Inteligência Artificial e desinformação: dilemas éticos da era digital;"Inteligência Artificial; desinformação; ética da informação";Em Execução ;2024;2027;IBICT/COEPI;Arthur Coelho Bezerra;ESCRITOS – Estudos críticos em informação, tecnologia e organização social ;Configurações Socioculturais, Políticas e Econômicas da Informação;Ciência da Informação
Dilemas éticos da era digital: difusão de conhecimento científico para desenvolvimento de competências críticas em informação e combate à desinformação;"Regime de informação; Inteligência Artificial; desinformação; ética da informação";Em Execução ;2024;2025;IBICT/COEPI;Arthur Coelho Bezerra;ESCRITOS – Estudos críticos em informação, tecnologia e organização social ;"Configurações Socioculturais, Políticas e Econômicas da Informação
";"Ciência da Informação
"
"Discurso, Melhoria de Processos e Inovação em Organizações Complexas da Sociedade da Informação.

";Sociedade da informação.;Finalizado ;2011;2019;IBICT/COEPI;Clóvis Ricardo M de Lima;"1) Economias colaborativas e produção P2P no Brasil
2) Filosofia e Política da Informação
";"1) Produção e desenvolvimento;
2) Profissionais da informação;
3) Configurações socioculturais, políticas e econômicas da informação;
4) Comunicação, Organização e Gestão da Informação e do Conhecimento
";"Ciência da Informação
"
Discurso, Melhoria de Processos e Inovação em Organizações Complexas da Sociedade da Informação.;Teoria do Agir Comunicativo. Discurso. Qualidade. Organizações complexas. ;Em Execução ;2011;2026;IBICT/COEPI;Clóvis Ricardo M de Lima;"1) Economias colaborativas e produção P2P no Brasil
2) Filosofia e Política da Informação
3) Informação em Ciência, Tecnologia e Inovação em Saúde ";;Ciência da Informação
Competência em informação na sociedade da desinformação.;"Cultura politica na informação; Fluxos informacionais na informação.";Finalizado;2019;2022;IBICT/COEPI;Marco Schneider;Perfil-i (Perspectivas Filosóficas em Informação);"1) Políticas, discursos e sociedade;
2) Cultura e Desenvolvimento;
3) Configurações Socioculturais, Políticas e Econômicas da Informação;
4) Ética, Política e Epistemologia.                                                                                                                                         
";"Ciência da Informação
"
Referências cruzadas: ética, política e epistemologia na Ciência da Informação.;"Ética na Informação; Epistemologia da Ciência da Informação; Ética na Política.";Finalizado;2018;2021;IBICT/COEPI;Marco Schneider;Perfil-i (Perspectivas Filosóficas em Informação);"1) Políticas, discursos e sociedade;
2) Cultura e Desenvolvimento;
3) Configurações Socioculturais, Políticas e Econômicas da Informação;
4) Ética, Política e Epistemologia.                                                                                                                                         
";"Ciência da Informação
"
Cartografias da Desinformação: diagnósticos e métodos de resistência.;"Cultura politica na informação; Fluxos informacionais na informação.";Em Execução;2023;2026;IBICT/COEPI;Marco Schneider;Perfil-i (Perspectivas Filosóficas em Informação);"1) Políticas, discursos e sociedade;
2) Cultura e Desenvolvimento;
3) Configurações Socioculturais, Políticas e Econômicas da Informação;
4) Ética, Política e Epistemologia.                                                                                                                                         
";Ciência da Informação
Plataforma Multidisciplinar de Escuta Social Digital, Combate à Desinformação e Promoção aos Direitos Difusos (PMESDI).;"Ética na Informação; Ética na Política.";Em Execução;2023;2026;IBICT/COEPI;Marco Schneider e Arthur Bezerra (Parceria FDD);Perfil-i (Perspectivas Filosóficas em Informação);"1) Políticas, discursos e sociedade;
2) Cultura e Desenvolvimento;
3) Configurações Socioculturais, Políticas e Econômicas da Informação;
4) Ética, Política e Epistemologia.                 ";Ciência da Informação
Ética e Competência em Informação na Prevenção da Desinformação.;"Ética na Informação; Ética na Política.";Em Execução;2021;2024;IBICT/COEPI;Marco Schneider;Perfil-i (Perspectivas Filosóficas em Informação);"1) Políticas, discursos e sociedade;
2) Cultura e Desenvolvimento;
3) Configurações Socioculturais, Políticas e Econômicas da Informação;
4) Ética, Política e Epistemologia.                                                                                                                                         
";Ciência da Informação
Combate à desinformação no Brasil e na América Latina.;"Ética na Informação; Ética na Política.";Em Execução;2023;2026;IBICT/COEPI;Marco Schneider;Perfil-i (Perspectivas Filosóficas em Informação);"1) Políticas, discursos e sociedade;
2) Cultura e Desenvolvimento;
3) Configurações Socioculturais, Políticas e Econômicas da Informação;
4) Ética, Política e Epistemologia.                                                                                                                                         
";Ciência da Informação
Organização e curadoria da informação nos projetos de pesquisa sobre desinformação do grupo de pesquisa Perspectivas Filosóficas em Informação (Perfil-i);"Organização e Curadoria da Informação; Desinformação; grupo de pesquisa Perspectivas Filosóficas em Informação (Perfil-i)
.";Em Execução;2024;2025;IBICT/COEPI;Marco Schneider;Perfil-i (Perspectivas Filosóficas em Informação);"1) Políticas, discursos e sociedade;
2) Cultura e Desenvolvimento;
3) Configurações Socioculturais, Políticas e Econômicas da Informação;
4) Ética, Política e Epistemologia.                                                                                                                                         
";Ciência da Informação
Estudos críticos em Humanidades Digitais: desafios à competência e à visibilidade informacional no campo científico das humanas.;"humanidades digitais;  teoria crítica; informação.";Finalizado;2017;2021;IBICT/COEPI;Ricardo M. Pimenta ;Informação, Memória e Sociedade;"1) Memória e Espaço;
2) Comunicação, Organização e Gestão da Informação e do Conhecimento   
";"Ciência da Informação
"
Epistemologia e prática nas Humanidades Digitais: construção laboratorial de metodologias e pensamento crítico no âmbito da Ciência da Informação.;"Epistemologia; Humanidades digitais; metodologias ; pensamento crítico.";Finalizado;2019;2023;IBICT/COEPI;Ricardo M. Pimenta ;Informação, Memória e Sociedade;"1) Memória e Espaço;
2) Comunicação, Organização e Gestão da Informação e do Conhecimento
";"Ciência da Informação
"
Estudo para criação e desenvolvimento da Escola Nacional de Informação - ENACIn.;"Ciência da informação; Pesquisa & Ensino; Métodologia Científica; Conhecimento.";Em Execução;2023;2025;IBICT/COEPI;Ricardo M. Pimenta ;Digitalidades da Informação e do Conhecimento nas Humanidades;"1) Estudos filosóficos da técnica e da tecnologia no contexto Humanístico;
2) Memória e Sociedade;
3) Pensamento crítico e métodos digitais nas Humanidades Digitais.";Ciência da Informação
"Tecnopoli?ticas da visibilidade informacional: o ""ser"", o ""ver"" e o ""saber"" na hipermodernidade.";"Teoria da Informação; Visibilidade; Hipermodernidade.";Finalizado;2016;2019;IBICT/COEPI;Ricardo M. Pimenta ;Informação, Memória e Sociedade;"1) Memória e Espaço;
2) Comunicação, Organização e Gestão da Informação e do Conhecimento
";"
Ciência da Informação
"
Estudos Históricos sobre Informação e Vigilância no Brasil: de Castelo a Snowden.;"Vigilância; Informação; História da Informação.";Finalizado;2013;2016;IBICT/COEPI;Ricardo M. Pimenta ;Informação, Memória e Sociedade;"1) Memória e Espaço;
2) Comunicação, Organização e Gestão da Informação e do Conhecimento";Ciência da Informação
O efeito Lablife das Humanidades Digitais: uma proposta metodológica para a Ciência da Informação.;"Humanidades Digitais;  Epsitemologia; Teoria da Informação";Em execução;2022;2025;IBICT/COEPI;Ricardo M. Pimenta ;Digitalidades da Informação e do Conhecimento nas Humanidades;"1) Estudos filosóficos da técnica e da tecnologia no contexto Humanístico;
2) Memória e Sociedade;
3) Pensamento crítico e métodos digitais nas Humanidades Digitais.";Ciência da Informação
As Humanidades Digitais à luz da Ciência da Informação: da teoria à metodologia como abordagem.;"Humanidades Digitais;  Metodologia;  Teoria da Informação.";Em execução;2021;2024;IBICT/COEPI;Ricardo M. Pimenta ;Digitalidades da Informação e do Conhecimento nas Humanidades;"1) Estudos filosóficos da técnica e da tecnologia no contexto Humanístico;
2) Memória e Sociedade;
3) Pensamento crítico e métodos digitais nas Humanidades Digitais.
";Ciência da Informação
Fortalecimento do PPGCI: Ampliando as produções docentes e discentes e a sua internacionalização.;"Ciência da Informação; Ensino; Pesquisa e Desenvolvimento; Stricto Sensu";Em Execução;2024;2026;IBICT/COEPI;Fábio Gouveia;Ciência, Dados, Redes e Metrias - (Scimetrics);"1) Análises do impacto da Internet e das redes sociais na ciência e na sociedade 
 2) Data Science e Novas Tecnologias Aplicadas à Ciência da Informação  
 3) Estudos Cientométricos da Comunicação científica, Instituições e Pesquisadores, Áreas da Ciência e Acesso Aberto
";Ciência da Informação
Sustentabilidade ambiental na ciência da informação.;"Análise da informação; Segurança alimentar; Sustentabilidade.";Finalizado;2019;2022;IBICT/COEPI;Liz-Rejane Issberner;Informação, conhecimento, inovação e sustentabilidade ambiental;"1) Inovação e redes de informação e conhecimento; 
2) Informação, conhecimento, inovação e sustentabilidade socioambiental;
3) Inovação e difusão de tecnologias de informação e comunicação.           

";"Ciência da Informação
"
Circuitos de desinformação e poder: produção de ignorância e desconfiança no embate ecológico.;"Biodiversidade; ecossistema; sustentabilidade ambiental.";Finalizado;2018;2021;IBICT/COEPI;Liz-Rejane Issberner;Informação, conhecimento, inovação e sustentabilidade ambiental;"1)Inovação e redes de informação e conhecimento; 
2)Informação, conhecimento, inovação e sustentabilidade socioambiental.
";Ciência da Informação
Dinâmica informacional na resistência contra a destruição da sociobiodiversidade na Amazônia: o papel das plataformas digitais.;"redes digitais; processos de informação; sustentabilidade; lutas de resistência; ativismo digital; neoextrativismo.";Em Execução;2024;2026;IBICT/COEPI;Liz-Rejane Issberner;Informação, conhecimento, inovação e sustentabilidade ambiental;"1) Inovação e redes de informação e conhecimento; 
2) Informação, conhecimento, inovação e sustentabilidade socioambiental;
3) Inovação e difusão de tecnologias de informação e comunicação.          
 ";Ciência da Informação
Regime de informação dos conflitos neoextrativistas: estudo de casos em comunidades agroecológicas na Amazônia.;"Biodiversidade; Amazônia; Regime de Informação; Extrativismo; Desenvolvimento Local.";Em Execução;2021;2026;IBICT/COEPI;Liz-Rejane Issberner;Informação, conhecimento, inovação e sustentabilidade ambiental;"1)Inovação e redes de informação e conhecimento; 
2)Informação, conhecimento, inovação e sustentabilidade socioambiental.
";Ciência da Informação
Organização do Conhecimento para Aprendizagem Ativa e Redes de Conhecimento.;"Organização do conhecimento; representação do conhecimento; aprendizagem ativa; redes sociais científicas; e-science.
";Finalizado;2014;2019;IBICT/COEPI;Jorge Biolchini;NetLab - Microssociologia e Estudos de Rede;Organização e Representação do Conhecimento;"Ciência da Informação
"
Informação e Inteligência para Promoção da Saúde.;"Inovação científica e tecnológica;  modelos científicos e tecnológicos; planejamento de programas; avaliação de programas; promoção da saúde.";Finalizado;2014;2019;IBICT/COEPI;Jorge Biolchini;NetLab - Microssociologia e Estudos de Rede;Organização e Representação do Conhecimento;"Ciência da Informação
"
Informação e Conhecimento em Educação e Saúde.;"Organização do conhecimento; Gestão do conhecimento; Ensino-aprendizagem; Tecnologia educacional.";Finalizado;2020;2023;IBICT/COEPI;Jorge Biolchini;Informação em Ciência, Tecnologia e Inovação em Saúde;Organização e Representação do Conhecimento;"Ciência da Informação; Planejamento Educacional; Ciências da Saúde"
Observatório de Evidências Científicas Covid-19.;"Organização do conhecimento; Ontologia; Divulgação científica; Informação em saúde; Educação em saúde.";Finalizado;2020;2023;IBICT/COEPI;Jorge Biolchini;Informação em Ciência, Tecnologia e Inovação em Saúde;Organização e Representação do Conhecimento;Ciência da Informação e Processos da Comunicação
Ontologia de Telemedicina-Telessau?de e Aplicabilidade Contextualizada.;"Organização do Conhecimento; Ontologia; Telemedicina; Telessaúde; Inteligência Artificial. Internet das Coisas. Realidade Aumentada.";Em Execução;2024;2029;IBICT/COEPI;Jorge Biolchini;Informação em Ciência, Tecnologia e Inovação em Saúde;Organização e Representação do Conhecimento;Ciência da Informação e Ciência da Computação
Curadoria, gestão e compartilhamento de dados de pesquisa: um caminho em direção à gestão do conhecimento nuclear .;"Curadoria; dados de pesquisa; gestão do conhecimento.";Finalizado;2019;2022;IBICT/COEPI;Luana Sales;Gestão, organização e recuperação de dados, informações e conhecimento científico;"1.Gestão do Conhecimento Nuclear;
2.Fluxos e Mediações Sócio-Técnicas da Informação; 
3.Comunicação, Organização e Gestão da Informação e do Conhecimento
";Ciência da Informação
Infraestrutura de Apoio à Gestão e Preservação do Conhecimento Nuclear Brasileiro.;"Gestão do conhecimento; Preservação do Conhecimento; Conhecimento Nuclear Brasileiro.";Finalizado;2019;2022;IBICT/COEPI;Luana Sales;Gestão, organização e recuperação de dados, informações e conhecimento científico;"1.Gestão do Conhecimento Nuclear; 
2.Fluxos e Mediações Sócio-Técnicas da Informação; 
3.Comunicação, Organização e Gestão da Informação e do Conhecimento
";Ciência da Informação
Repositório digital confiável para dados de pesquisa nuclear.;"Repositório digital; Dados de pesquisa; Pesquisa nuclear.";Finalizado ;2017;2020;IBICT/COEPI;Luana Sales;Gestão, organização e recuperação de dados, informações e conhecimento científico;"1.Gestão do Conhecimento Nuclear; 
2.Fluxos e Mediações Sócio-Técnicas da Informação; 
3.Comunicação, Organização e Gestão da Informação e do Conhecimento
";Ciência da Informação
Museu Virtual de Instrumentos Musicais Delgado de Carvalho.;"Museu Virtual;  Instrumentos Musicais; Organização do Conhecimento.";Finalizado ;2011;2024;IBICT/COEPI;Adriana Balleste;Organização do conhecimento e uso de tecnologias digitais em museus, arquivos e bibliotecas;"1) Sistemas de Informações Musicais;
2) Memória das Artes e da Cultura;
3) Organização do conhecimento e uso de tecnologias digitais em museus, arquivos e bibliotecas";Ciência da Informação
Museu Virtual de Instrumentos Musicais: espaço de convergência de acervos e conhecimento.;"Museu Virtual;  Instrumentos Musicais; Organização do Conhecimento.";Em execução;2019;2024;IBICT/COEPI;Adriana Balleste;Organização do conhecimento e uso de tecnologias digitais em museus, arquivos e bibliotecas;"1) Sistemas de Informações Musicais;
2) Memória das Artes e da Cultura;
3) Organização do conhecimento e uso de tecnologias digitais em museus, arquivos e bibliotecas";Ciência da Informação
I Seminário Música e Museu em Sintonia: Museu Virtual deInstrumentos Musicais e suas parcerias.;"Museu Virtual;  Instrumentos Musicais; Organização do Conhecimento.";Em execução;2023;2024;IBICT/COEPI;Adriana Balleste;Organização do conhecimento e uso de tecnologias digitais em museus, arquivos e bibliotecas;"1) Sistemas de Informações Musicais;
2) Memória das Artes e da Cultura;
3) Organização do conhecimento e uso de tecnologias digitais em museus, arquivos e bibliotecas";Ciência da Informação
Museu Virtual de Instrumentos Musicais: espaço de convergência de acervos e conhecimento.;"Museu Virtual;  Instrumentos Musicais; Organização do Conhecimento.";Finalizado ;2012;2020;IBICT/COEPI;Adriana Balleste;Organização do conhecimento e uso de tecnologias digitais em museus, arquivos e bibliotecas;"1) Sistemas de Informações Musicais;
2) Memória das Artes e da Cultura;
3) Organização do conhecimento e uso de tecnologias digitais em museus, arquivos e bibliotecas";Ciência da Informação
"Projeto Edição de livro ""Museu Virtual de Instrumentos Musicais: espaço de convergência de acervos"".";"Museu Virtual;  Instrumentos Musicais; Organização do Conhecimento.";Finalizado;2022;2023;IBICT/COEPI;Adriana Balleste;Organização do conhecimento e uso de tecnologias digitais em museus, arquivos e bibliotecas;"1) Sistemas de Informações Musicais;
2) Memória das Artes e da Cultura;
3) Organização do conhecimento e uso de tecnologias digitais em museus, arquivos e bibliotecas";Ciência da Informação
Pesquisa Analítica para a Gestão Sustentável dos Resíduos Sólidos na Amazônia Legal.;"Resíduos Sólidos;  Amazônia Legal;  Avaliação do Ciclo de Vida.";Finalizado;2017;2020;IBICT/COTEA;Marcel Garcia de Souza;INSUMO - Informação para inovação, sustentabilidade e monitoramento;Informação para sustentabilidade;Ciência da Informação 
Ciclo de Vida: oportunidades e ameaças relacionadas a Materiais Críticos.;"Economia Circular;  Materiais Críticos;  Avaliação do Ciclo de Vida.";Finalizado;2017;2021;IBICT/COTEA;Marcel Garcia de Souza;INSUMO - Informação para informação sustentabilidade e monitoramento;Sustentabilidade e Desenvolvimento;Ciência da Informação 
Desenvolvimento de Metodologia de Planejamento de longo prazo por processo prospectivo para o desenvolvimento sustentável do Arranjo Produtivo de Gemas, Joais e Artesanato Mineral de Cristalina/GO fundamentada e apoiada por bases de dados tecnológicos desse APL.;"APL; Arranjo Produtivo;  Gemas; Joais;  Artedanato Mineral. ";Finalizado;2018;2021;IBICT/COTEA;Marcel Garcia de Souza;INSUMO - Informação para inovação, sustentabilidade e monitoramento;Informação para inovação;Ciência da Informação 
Pesquisa e Desenvolvimento de Tecnologia Informacional para Gestão da Bacia do Alto Paraguai .;"Preservação; bioma Pantanal;  análise de dados. ";Finalizado;2018;2021;IBICT/COTEA;Marcel Garcia de Souza;INSUMO - Informação para inovação, sustentabilidade e monitoramento;Informação e Sociedade;Ciência da Informação 
Avaliação do Ciclo de Vida de embalagem de PET retornável da Coca-Cola, projeto de aliança entre Triciclos e IBICT.;"Avaliação do Ciclo de Vida;  Triciclos; Embalagens. ";Finalizado ;2019;2021;IBICT/COTEA;Marcel Garcia de Souza;INSUMO - Informação para inovação, sustentabilidade e monitoramento;Informação e sustentabilidade ;Ciência da Informação 
Óleo Lubrificante Usado ou Contaminado (OLUC - Sindicom).;"OLUC; sustentabilidade. ";Finalizado;2016;2021;IBICT/COTEA;Marcel Garcia de Souza;INSUMO - Informação para inovação, sustentabilidade e monitoramento;Informação e sustentabilidade ;Ciência da Informação
Saberes do Cerrado.;"Biodiversidade;  urbanização. ";Finalizado ;2014;2019;IBICT/COTEA;Marcel Garcia de Souza;INSUMO - Informação para inovação, sustentabilidade e monitoramento;Informação e Sociedade;Ciência da Informação
Pesquisa e desenvolvimento de arquitetura informacional para apoiar a criação de plataforma online com a finalidade de promover ações de voluntariado público em atividades de agricultura urbana.;"Hortas urbanas; Voluntariado; Biblioteca digital - EAD.
";Finalizado;2018;2022;IBICT/COTEA;Marcel Garcia de Souza;"Políticas de Acesso Aberto a Dados de Pesquisa e Governamentais
";"(1) Sustentabilidade e Desenvolvimento;
(2) Gestão da informação científica e tecnológica;
(3) Informação e sociedade.
";"Ciências Sociais Aplicadas  e Ciência da Informação
"
Avançando e quantificando a produção e consumo sustentáveis (PCS) para uma economia de baixo carbono -Advance SCP -Brazil- (PNUMA).;"Sustentabilidade;  rotulagem ambienta; setor cafeeiro.";Finalizado;2022;2022;IBICT/COTEA;Marcel Garcia de Souza;INSUMO - Informação para inovação, sustentabilidade e monitoramento;Informação para sustentabilidade;Ciência da Informação
Estudos para Implementação de um Sistema Integrado de Inclusão Digital e Informacional para Mulheres em Situação de Vulnerabilidade.;Inclusão Social, digital e informacional.;Em execução;2022;2024;IBICT/CODIC;Marcel Garcia de Souza;Laboratório de Inovação e Estratégia em Governo;Gestão da informação Científica e Tecnológica;Ciencia da Informação
CHICS;Informação para a sociedade, política pública, biblioteca digital.;Em execução;2022;2024;IBICT/CODIC;Marcel Garcia de Souza;LIS - Laboratório de Informação para a Sustentabilidade;Informação e Sociedade;Ciência da Informação
Observatório do Turismo.;Dados abertos, repositório de dados, informação para a sociedade.;Em execução;2022;2024;IBICT/CODIC;Marcel Garcia de Souza;LIS - Laboratório de Informação para a Sustentabilidade;Informação e Sociedade;Ciência da Informação
APL do Turismo Cívico.;Dados abertos, repositório de dados, informação para a sociedade, turismo cívico.;Em execução;2022;2024;IBICT/CODIC;Marcel Garcia de Souza;LIS - Laboratório de Informação para a Sustentabilidade;Informação e Sociedade;Ciência da Informação
ITBr;Sustentabilidade, informação tecnológica, banco de dados, ciência aberta.;Em execução;2022;2024;IBICT/CODIC;Marcel Garcia de Souza;LIS - Laboratório de Informação para a Sustentabilidade; Informação científica e tecnológica;Ciência da Informação
Fortalecimento do OasisBr e da BDTD.;Informação científica.;Em execução;2024;2024;IBICT/CODIC;Marcel Garcia de Souza;LIS - Laboratório de Informação para a Sustentabilidade;Informação científica;Ciência da Informação
Laguna - Infraestrutura Informacional Aberta e Lago de Dados.;Banco de dados, cienca aberta.;Em execução;2022;2024;IBICT/CODIC;Marcel Garcia de Souza;LIS - Laboratório de Informação para a Sustentabilidade;Gestão da informação Científica ;Ciência da Informação
Integração de informações para a otimização das ações da defesa civil nacional.;"Gestão de riscos; desastres;  defesa civil.";Finalizado ;2016;2019;IBICT/CGTI;Tiago Braga;INSUMO - Informação para inovação, sustentabilidade e monitoramento;Informação para monitoramento;Ciência da Informação
"Rota para a Base de Dados Nacional de ACV.
";"Sustentabilidade; avaliação do ciclo de vida. ";Finalizado ;2019;2019;IBICT/COTEA;Tiago Braga;INSUMO - Informação para inovação, sustentabilidade e monitoramento;Informação para sustentabilidade;Ciência da Informação
"Sistema Aberto de Observatório para Visualização de Informação.
";"Dados governamentais; ciência de dados. 
";Finalizado;2017;2022;IBICT/COTEA;Tiago Braga;INSUMO - Informação para inovação, sustentabilidade e monitoramento;Informação para monitoramento;Ciência da Informação
Estruturação e disponibilização de dados no Observatório Visão/ MDIC .;"Estruturação; Observatório de Dados. ";Finalizado;2018;2020;IBICT/COTEA;Tiago Braga;INSUMO - Informação para inovação, sustentabilidade e monitoramento;Informação para inovação;Ciência da Informação 
 Brumadinho.;"Sustentabilidade; observatório de dados. ";Finalizado;2019;2020;IBICT/COTEA;Tiago Braga;INSUMO - Informação para inovação, sustentabilidade e monitoramento;Informação e Sociedade;Ciência da Informação
Pesquisar e estabelecer uma metodologia de gestão da inovação no Sistema Único de Saúde - SUS.;"Gestão da Informação; Inovação; SUS.";Finalizado;2017;2020;IBICT/COTEA;Tiago Braga;INSUMO - Informação  para inovação, susentabilidade e monitoramento;Informação e Sociedade;Ciência da Informação 
Comissão Interministerial de Sustentabilidade na Administração Pública (CISAP).;"Avaliação do Ciclo de Vida;  sustentabilidade. ";Finalizado;2012;2020;IBICT/COTEA;Tiago Braga;INSUMO - Informação para inovação, sustentabilidade e monitoramento;Informação para Sustentabilidade Informação para Inovação ;Ciência da Informação
Estudo para estruturação de proposta de Arquitetura de Informação e Organização Visual para disseminação do programa Ciência no Mar.;"Ciência;  Mar; Oceano; Desastre.";Finalizado ;2019;2022;IBICT/CGTI;Tiago Braga;INSUMO - Informação para inovação, sustentabilidade e monitoramento; Informação científica e tecnológica;Ciência da Informação
Implementação de metodologias e soluções tecnológicas livres voltadas para a gestão da informação no âmbito do Arquivo Nacional.;"Arquivo; Preservação Digital; Barramento.";Finalizado;2019;2022;IBICT/CGTI;Tiago Braga;INSUMO - Informação para inovação, sustentabilidade e monitoramento; Informação científica e tecnológica;Ciência da Informação
Estruturação de Metodologia de Gestão da Informação para Regularização Fundiária de Terras Urbanas.;"Regularização fundiária; Brasília; Metodologia.";Finalizado;2019;2022;IBICT/CGTI;Cecília Leite;INSUMO - Informação para inovação, sustentabilidade e monitoramento; Informação científica e tecnológica;Ciência da Informação
Estudo para estruturação de proposta de Arquitetura de Informação e Organização Visual para disseminação do programa RedeVírus MCTI.;"RedeVírus; Arquitetura de Informação.";Finalizado;2020;2022;IBICT/CGTI;Tiago Braga;INSUMO - Informação para inovação, sustentabilidade e monitoramento; Informação científica e tecnológica;Ciência da Informação
Estudo para Implantação de Repositório Arquivístico Digital Confiável –RDC –Arq no âmbito do Tribunal de Justiça do Distrito Federal e Territórios – TJDFT.;"Competências em preservação digital; curadoria digital.
";Finalizado ;2019;2020; IBICT/CGTI ;Tiago Braga;Informação Científica e Tecnológica;"Promove o compartilhamento de estudos e práticas, além da integração de conteúdos da memória institucional digital de forma consorciada e federada
";Ciência da Informação e Biblioteconomia
Desenvolvimento de metodologia de monitoramento e avaliação para a certificação das escolas participantes do Programa Nacional das Escolas Cívico-Militares - PECIM.;"Certificação das escolas; Avaliação; Metodologia.";Finalizado ;2021;2022; IBICT/CGTI ;Tiago Braga;LEI - Laboratório de Ecossistemas Informacionais; Informação e Sociedade;Ciências Sociais Aplicadas
Elaboração e execução de uma proposta metodológica de monitoramento e avaliação no nível intermediário para a certificação das escolas participantes do Programa Nacional das Escolas Cívico-Militares. PECIM-FASE II.;"Educação; Modelo de monitoramento; Certificação das escolas.";Finalizado;2021;2022; IBICT/CGTI ;Tiago Braga;LEI - Laboratório de Ecossistemas Informacionais; Informação e Sociedade;Ciências Sociais Aplicadas
Subsídios ao planejamento e à implantação de uma infraestrutura de Ciência Cidadã.;"Plataforma; Conhecimentos científicos; Desenvolvimento Sustentável.";Finalizado;2021;2022; IBICT/CGTI ;Tiago Braga;LEI - Laboratório de Ecossistemas Informacionais; Informação e Sociedade;Ciências Sociais Aplicadas
Ciência Cidadã para a Agenda 2030 de Desenvolvimento Sustentável;"Plataforma; Conhecimentos científicos; Desenvolvimento Sustentável.";Em Execução ;2022;2025; IBICT/CGTI ;Hugo Valadares;LEI - Laboratório de Ecossistemas Informacionais; Informação e Sociedade;
Pesquisa para proposição e implementação de estratégias de informação e comunicação no âmbito das iniciativas coordenadas pelo Departamento de Ciências da Natureza (DECIN-MCTI);"Ciência; Arquitetura Informacional; Desenvolvimento Sustentável.";Em Execução ;2022;2025; IBICT/CGTI ;Hugo Valadares;LEI - Laboratório de Ecossistemas Informacionais; Informação e Sociedade;
Large Language Model (LLM) para representar os notáveis cientistas brasileiros;"Inteligência Artificial; Protótipos; Divulgação Científica";Em Execução ;2023;2025; IBICT/CGTI ;Hugo Valadares;LEI - Laboratório de Ecossistemas Informacionais; Informação e Sociedade;
INOVAINFO: Pesquisa informacional para apoio à Política Nacional de Inovação e ao Marco Legal de Inovação. ;"Arquitetura de informação; Inovação.";Finalizado;2021;2022;IBICT/COTIC;Alexandre Oliveira;LEI - Laboratório de Ecossistemas Informacionais; Informação científica e tecnológica;Ciência da Informação
Estudo e proposição de metodologia de infraestrutura para preservação de páginas webs no contexto do Governo Federal.;"Preservação digital; Arquivamento; Web páginas.";Finalizado;2021;2022;IBICT/COTIC;Alexandre Oliveira;LEI - Laboratório de Ecossistemas Informacionais; Informação científica e tecnológica;Ciência da Informação
Estudo para transformação digital no fluxo de patentes do INPI. ;"Tecnologia computacional; Propriedade Industrial; Desenvolvimento.";Finalizado;2021;2024;IBICT/COTIC;Alexandre Oliveira;LEI - Laboratório de Ecossistemas Informacionais; Informação científica e tecnológica;Ciência da Informação
Preservação digital e gestão arquivística apoiada no aprimoramento da implantação do modelo RDCArq - TJDFT;"Aprimoramento RDCArq; Competências em preservação digital.";Finalizado;2020;2022;IBICT/COTIC;Alexandre Oliveira;INSUMO - Informação para inovação, sustentabilidade e monitoramento;"Promove o compartilhamento de estudos e práticas, além da integração de conteúdos da memória institucional digital de forma consorciada e federada
";Ciência da Informação e Arquivologia
Estudo, desenvolvimento e aplicação de metodologias de gestão de integração de dados para analise de relações de consumo no setor de telecomunicações no Brasil.;"Metodologias de gestão de integração de dados;  consumo no setor de Telecomunicações.";Finalizado;2018;2020;IBICT/COTIC;Alexandre Oliveira;Informação Científica e Tecnológica;Gestão da informação Científica e Tecnológica;Administração e Ciência da informação
Preservação do Acervo Arquivístico Digital do Tribunal de Justiça do Estado de Minas Gerais.;"Preservação digital; Arquivamento; Aprimoramento RDCArq.";Em Execução ;2022;2024;IBICT/COTIC;Alexandre Oliveira;LEI - Laboratório de Ecossistemas Informacionais;Promove o compartilhamento de estudos e práticas, além da integração de conteúdos da memória institucional digital de forma consorciada e federada;Ciência da Informação e Arquivologia
Preservação digital e gestão documental apoiada na implantação do modelo RDCArqTRT da 4ª Região.;"Preservação digital; Arquivamento; Aprimoramento RDCArq.";Em Execução ;2022;2024;IBICT/COTIC;Alexandre Oliveira;LEI - Laboratório de Ecossistemas Informacionais;Promove o compartilhamento de estudos e práticas, além da integração de conteúdos da memória institucional digital de forma consorciada e federada;Ciência da Informação e Arquivologia
Estudo para preservação do acervo arquivístico digital do Tribunal de Justiça do Estado de Rondônia.;"Preservação digital; Arquivamento; Aprimoramento RDCArq.";Em Execução ;2022;2025;IBICT/COTIC;Alexandre Oliveira;LEI - Laboratório de Ecossistemas Informacionais;Promove o compartilhamento de estudos e práticas, além da integração de conteúdos da memória institucional digital de forma consorciada e federada;Ciência da Informação e Arquivologia
Estudo para implementação de modelo de preservação Hipátia no Tribunal de Contas da União (TCU).;"Preservação digital; Arquivamento; Aprimoramento RDCArq.";Em Execução ;2023;2025;IBICT/COTIC;Alexandre Oliveira;LEI - Laboratório de Ecossistemas Informacionais;Promove o compartilhamento de estudos e práticas, além da integração de conteúdos da memória institucional digital de forma consorciada e federada;Ciência da Informação e Arquivologia
Aprimoramento do Modelo Hipátia.;"Preservação digital; Arquivamento; Aprimoramento RDCArq.";Em Execução ;2023;2025;IBICT/COTIC;Alexandre Oliveira;LEI - Laboratório de Ecossistemas Informacionais;Promove o compartilhamento de estudos e práticas, além da integração de conteúdos da memória institucional digital de forma consorciada e federada;Ciência da Informação e Arquivologia
Aprimoramento da plataforma de elaboração de Planos de Gestão de Dados (PGD/Br);"Gestão de Dados; Acesso aberto; Plataforma.";Em Execução ;2023;2025;IBICT/COTIC;Alexandre Oliveira;LEI - Laboratório de Ecossistemas Informacionais;Desenvolver e aplicar melhorias na Plataforma PGD/BR;Ciência da Informação
"Estudo para aprimoramento da preservação digital 
e verificação de integridade do Repositório Arquivístico Digital Confiável 
(RDC-Arq) no TJDFT ";"Preservação digital; Arquivamento; Aprimoramento RDCArq.";Em Execução ;2024;2026;IBICT/COTIC;Alexandre Oliveira;LEI - Laboratório de Ecossistemas Informacionais;Promove o compartilhamento de estudos e práticas, além da integração de conteúdos da memória institucional digital de forma consorciada e federada;Ciência da Informação e Arquivologia
"Estudo para preservação do acervo arquivístico digital 
do Tribunal de Justiça do Estado do Rio de Janeiro";"Preservação digital; Arquivamento; Aprimoramento RDCArq.";Em Execução ;2024;2027;IBICT/COTIC;Alexandre Oliveira;LEI - Laboratório de Ecossistemas Informacionais;Promove o compartilhamento de estudos e práticas, além da integração de conteúdos da memória institucional digital de forma consorciada e federada;Ciência da Informação e Arquivologia
"Estudo para Preservação do Acervo Arquivístico Digital do 
Tribunal Regional Eleitoral de Minas Gerais (TRE-MG)";"Preservação digital; Arquivamento; Aprimoramento RDCArq.";Em Execução ;2024;2027;IBICT/COTIC;Alexandre Oliveira;LEI - Laboratório de Ecossistemas Informacionais;Promove o compartilhamento de estudos e práticas, além da integração de conteúdos da memória institucional digital de forma consorciada e federada;Ciência da Informação e Arquivologia
"Estudo para Preservação do Acervo Arquivístico Digital do Tribunal Regional Eleitoral 
de São Paulo (TRE-SP)";"Preservação digital; Arquivamento; Aprimoramento RDCArq.";Em Execução ;2024;2027;IBICT/COTIC;Alexandre Oliveira;LEI - Laboratório de Ecossistemas Informacionais;Promove o compartilhamento de estudos e práticas, além da integração de conteúdos da memória institucional digital de forma consorciada e federada;Ciência da Informação e Arquivologia
"Estudo para preservação do acervo arquivístico
 digital do Tribunal de Justiça do Acre (TJAC)";"Preservação digital; Arquivamento; Aprimoramento RDCArq.";Em Execução ;2024;2027;IBICT/COTIC;Alexandre Oliveira;LEI - Laboratório de Ecossistemas Informacionais;Promove o compartilhamento de estudos e práticas, além da integração de conteúdos da memória institucional digital de forma consorciada e federada;Ciência da Informação e Arquivologia
Pesquisa e desenvolvimento de integração de informações para processos de fiscalização do Sistema Vigiagro – Mapa.;"Organização da informação; Gestão da informação; Automação; Análise de dados; Informação agrofitossanitária; vigilância agrofitossanitária; Risco Brasil.";Finalizado;2018;2021;IBICT/MAPA/VIGIAGRO;Ramón Fonseca;Tecnologias para Construção de Observatórios;"(1) Comunicação científica; 
(2) Gestão da informação e do conhecimento;
(3) Vigilância agrofitossanitária; 
(4) Risco Brasil; 
(5) Integração de Sistemas; 
(6) Vigiagro; 
(7) Automação.
";Ciência da Informação/Ciências da Computação/Ciências Biológicas
Estudo, desenvolvimento e aplicação de metodologias para modernização e integração de sistemas de informação para publicações técnico-científicas.;Estudo, desenvolvimento e aplicação de metodologias para modernização e integração de sistemas de informação para publicações técnico-científicas.;Finalizado;2019;2021;IBICT/SEDIT;Ramón Fonseca;Tecnologias para Construção de Observatórios;"(1) Comunicação científica; 
(2) Acesso Aberto à Informação Científica;
(3) Publicações técnico-científicas;
(4) Gestão da informação;
(5) Processos editoriais
(6) Normas editoriais;
(7) Comunicação científica
(8) Editoração eletrônica;
(9) Periódico Ciência da Informação.";Ciência da Informação
Estudo para construção, implementação, integração, manutenção e divulgação de Tesauros para a classificação da informação.;"Tesauro da Ciência da Informação; integração de sistemas; vocabulários controlados; metodologia para construção de tesauros.";Em execução;2022;2025;IBICT/SEDIT;Ramón Fonseca; Tecnologias para Construção de Observatórios;"(1) Tesauro da Ciência da Informação;
(2) Classificação e organização da informção;
(3) Metodologia para construção de Tesauros;
(4) Vocabulários controlados; 
(5) Automação; 
(7) Processos; 
(8) Gestão da informação.";Ciência da Informação
Estudo para Desenvolvimento e Implementação de Método de Gestão Editorial para Publicações Técnico-Científicas.;"Políticas editoriais institucionais; publicações técnico-científicas; gestão da informação; normas editoriais; conselho gestor editorial.";Em execução;2022;2024;IBICT/SEDIT;Ramón Fonseca;Tecnologias para Construção de Observatórios;"(1) Comunicação científica; 
(2) Acesso Aberto à Informação Científica;
(3) Publicações técnico-científicas;
(4) Gestão da informação;
(5) Processos editoriais
(6) Normas editoriais;
(7) Comunicação científica
(8) Conselhos editoriais;
(9) Políticas editoriais institucionais.";Ciência da Informação
Estudo, desenvolvimento e atualização de metodologias para definição do processo editorial de publicação científica seriada.;"Políticas editoriais; publicações técnico-científicas; gestão da informação; inclusão social; periódico Inclusão Social.";Em execução;2023;2024;IBICT/SEDIT;"Ramon Fonseca
";Tecnologias para Construção de Observatórios - IBICT;"(1) Comunicação científica; 
(2) Acesso Aberto à Informação Científica;
(3) Publicações técnico-científicas;
(4) Gestão da informação;
(5) Processos editoriais
(6) Normas editoriais;
(7) Comunicação científica
(8) Conselhos editoriais;
(9) Periódico Inclusão Social.";Ciência da Informação
Estudos para atualização tecnológica de ecossistema de informação do Tribunal de Justiça do Distrito Federal e Territórios.;Revista Técnico-científica, Biblioteca Digital, Sistema de Descoberta e entrega.;Finalizado;2020;2022;IBICT/COTEC;Milton Shintaku; Tecnologias para Construção de Observatórios;Tecnologias para Sistemas de Informação;Ciência da Informação
Estudos  para implementação de Repositório Institucional na Biblioteca Terezinha Ayres Costa.;"Biblioteca digital; Serviços informacionais; Softwares livre; Sistema de informação.";Finalizado;2020;2022;IBICT/COTEC;Milton Shintaku; Tecnologias para Construção de Observatórios;Tecnologias para Sistemas de Informação;Ciência da Informação
Sistema de Processamento de Dados para a CT&I, com Ante-Projeto de Plataforma de Informação com base em Rede Social: Rede de Conhecimento Científico/ MCTI.;Pesquisa: Sistema de Processamento de Dados para a CT&I, com Ante-Projeto de Plataforma de Informação com base em Rede Social: Rede de Conhecimento Científico/ MCTI”.;Finalizado;2021;2022;IBICT/COTEC;Milton Shintaku;INSUMO - Informação para Inovação, Sustentabilidade e Monitoramento ;Informação para Inovação.;Ciencia da Informação
Estudo para implementação de integrador de sistemas mantidos pela Biblioteca da Escola Nacional de Administração Pública.;"Ecossistema de informação; sistema de informação; administração pública.";Finalizado;2018;2019;IBICT/COTEC;Milton Shintaku;"Estudos em Tecnologias para Gestão da Informação
";Estudos interdisciplinares em software livre;Ciência da Informação
Projeto de Pesquisa: Estudo para Sistematização e Desenvolvimento do Sistema Nacional de Juventude (SINAJUVE).;"Juventude; sistemas de informação.";Finalizado;2018;2020;IBICT/COTEC;Milton Shintaku;"Estudos sobre ferramentas para gestão de redes de participação social
";"(1) Gestão de Ferramentas voltadas à Participação Social;
(2) Gestão de Ferramentas voltadas à Participação Social.";Ciência da Informação
Projeto de Pesquisa e Desenvolvimento de Soluções Tecnológicas Integradas para a Gestão do Conhecimento no Âmbito da Secretaria Nacional de Juventude da Secretaria-Geral da Presidência da República (Snj/Sg/Pr), nas Temáticas de Juventude e Participação Social.;"Sistema de informação; ecossitemas de informação; Gestão do conhecimento.
";Finalizado;2016;2020;IBICT/COTEC;Milton Shintaku;"Estudos sobre ferramentas para gestão de redes de participação social
";"(1) Gestão de Ferramentas voltadas à Participação Social;
(2) Gestão de Ferramentas voltadas à Participação Social.";Ciência da Informação
Organização e difusão dos acervos digitais do patrimônio cultural: a memória em rede.;"Sistema de informação; ecossitemas de informação; Gestão do conhecimento; Patrimônio cultural.";Finalizado;2022;2024;IBICT/COTEC;Milton Shintaku;Estudos em Tecnologias para Gestão da Informação - IBICT;"(1)Estudos em usabilidade e acessibilidade de ferramentas para gestão da informação científica;
(2)Estudos com protocolos de comunicação em interoperabilidade;
(3)Estudos em sistemas de representação da informação e do conhecimento;
(4)Estudos em sistemas indexadores, descoberta e entrega;
(5)Mídias para Divulgação Científica
(6)Pesquisas em prospecção, utilização, configuração, customização em ferramentas informatizadas para gestão da informação científica;";Ciência da Informação
Projeto de Pesquisa para desenvolvimento de estudos para implementação de Biblioteca Digital  no Instituto do Patrimônio Histórico e Artístico Nacional.;"Biblioteca digital; Serviços informacionais; Softwares livre; Sistema de informação.";Finalizado;2022;2024;IBICT/COTEC;Milton Shintaku;Estudos em Tecnologias para Gestão da Informação - IBICT;"(1)Estudos em usabilidade e acessibilidade de ferramentas para gestão da informação científica;
(2)Estudos com protocolos de comunicação em interoperabilidade;
(3)Estudos em sistemas de representação da informação e do conhecimento;
(4)Estudos em sistemas indexadores, descoberta e entrega;
(5)Mídias para Divulgação Científica
(6)Pesquisas em prospecção, utilização, configuração, customização em ferramentas informatizadas para gestão da informação científica;";Ciência da Informação
Estudos voltados ao desenvolvimento de Modelo para criação e plataforma de Gestão da Informação no Instituto do Patrimônio Histórico e Artístico Nacional (IPHAN).;"Sistema de informação; ecossitemas de informação; Gestão do conhecimento.";Em execução;2023;2026;IBICT/COTEC;Milton Shintaku;Tecnologias para Construção de Observatórios;Tecnologias para Sistemas de Informação;Ciência da Informação
Estudos voltados ao desenvolvimento de Modelo para Biblioteca Digital para a Secretaria-Especial de Assuntos Estratégicos (SAE).;"Biblioteca digital; Serviços informacionais; Softwares livre; Sistema de informação.";Finalizado;2021;2023;IBICT/COTEC;Milton Shintaku;Estudos em Tecnologias para Gestão da Informação - IBICT;"(1)Estudos em usabilidade e acessibilidade de ferramentas para gestão da informação científica;
(2)Estudos com protocolos de comunicação em interoperabilidade;
(3)Estudos em sistemas de representação da informação e do conhecimento;
(4)Estudos em sistemas indexadores, descoberta e entrega;
(5)Mídias para Divulgação Científica
(6)Pesquisas em prospecção, utilização, configuração, customização em ferramentas informatizadas para gestão da informação científica;";Ciência da Informação
Desenvolvimento de modelo de implementação de Sistema Integrado de Bibliotecas (SIBI) para o Instituto Brasileiro de Museus (IBRAM).;"Sistema de informação; ecossitemas de informação; Gestão do conhecimento.";Em execução;2022;2025;IBICT/COTEC;Milton Shintaku;Estudos em Tecnologias para Gestão da Informação - IBICT;"(1)Estudos em usabilidade e acessibilidade de ferramentas para gestão da informação científica;
(2)Estudos com protocolos de comunicação em interoperabilidade;
(3)Estudos em sistemas de representação da informação e do conhecimento;
(4)Estudos em sistemas indexadores, descoberta e entrega;
(5)Mídias para Divulgação Científica
(6)Pesquisas em prospecção, utilização, configuração, customização em ferramentas informatizadas para gestão da informação científica;";Ciência da Informação
Comunicação Jurídica no Distrito Federal: proposição de modelo voltado à Integração de Serviços;"Sistema de informação; ecossitemas de informação; Gestão do conhecimento.";Em execução;2022;2025;IBICT/COTEC;Milton Shintaku;Estudos em Tecnologias para Gestão da Informação - IBICT;"(1)Estudos em usabilidade e acessibilidade de ferramentas para gestão da informação científica;
(2)Estudos com protocolos de comunicação em interoperabilidade;
(3)Estudos em sistemas de representação da informação e do conhecimento;
(4)Estudos em sistemas indexadores, descoberta e entrega;
(5)Mídias para Divulgação Científica
(6)Pesquisas em prospecção, utilização, configuração, customização em ferramentas informatizadas para gestão da informação científica;";Ciência da Informação
Estudos para criação de vocabulário controlado sobre informação de inteligência.;"Sistema de informação; ecossitemas de informação; Gestão do conhecimento.";Em execução;2023;2025;IBICT/COTEC;Milton Shintaku;Estudos em Tecnologias para Gestão da Informação - IBICT;"(1)Estudos em usabilidade e acessibilidade de ferramentas para gestão da informação científica;
(2)Estudos com protocolos de comunicação em interoperabilidade;
(3)Estudos em sistemas de representação da informação e do conhecimento;
(4)Estudos em sistemas indexadores, descoberta e entrega;
(5)Mídias para Divulgação Científica
(6)Pesquisas em prospecção, utilização, configuração, customização em ferramentas informatizadas para gestão da informação científica;";Ciência da Informação
Ecossistema de Informação Governamental - Visão.;"RedeVírus; Arquitetura de Informação.";Em execução;2021;2025;IBICT/COTEC;Milton Shintaku;LEI - Laboratório de Ecossistemas Informacionais; Informação científica e tecnológica;Ciência da Informação
Projeto de pesquisa: Expansão da Rede Moara.;"Sistema de informação; ecossitemas de informação; Gestão do conhecimento; Repositório de código-fonte.";Em execução;2023;2025;IBICT/COTEC;Milton Shintaku;Estudos em Tecnologias para Gestão da Informação - IBICT;"(1)Estudos em usabilidade e acessibilidade de ferramentas para gestão da informação científica;
(2)Estudos com protocolos de comunicação em interoperabilidade;
(3)Estudos em sistemas de representação da informação e do conhecimento;
(4)Estudos em sistemas indexadores, descoberta e entrega;
(5)Mídias para Divulgação Científica
(6)Pesquisas em prospecção, utilização, configuração, customização em ferramentas informatizadas para gestão da informação científica;";Ciência da Informação
Implementação de ecossistema de informação para o Conselho de Desenvolvimento Econômico Social Sustentável (CDESS).;"Sistema de informação; ecossitemas de informação; Gestão do conhecimento.";Em execução;2023;2027;IBICT/COTEC;Milton Shintaku;Estudos em Tecnologias para Gestão da Informação - IBICT;"(1)Estudos em usabilidade e acessibilidade de ferramentas para gestão da informação científica;
(2)Estudos com protocolos de comunicação em interoperabilidade;
(3)Estudos em sistemas de representação da informação e do conhecimento;
(4)Estudos em sistemas indexadores, descoberta e entrega;
(5)Mídias para Divulgação Científica
(6)Pesquisas em prospecção, utilização, configuração, customização em ferramentas informatizadas para gestão da informação científica;";Ciência da Informação
Estudo e proposição de ecossistema informacional para apoio à tomada de decisão em Saúde Indígena;"Sistema de informação; Saúde indígena; Sesai; Gestão da Informação";Em execução;2023;2028;IBICT/COTEC;Milton Shintaku;Tecnologias para Construção de Observatórios;Tecnologias para Sistemas de Informação;Ciência da Informação
Proposição de modelo para estruturação do Observatório do Empreendedorismo Feminino.;"Sistema de informação; ecossitemas de informação; Gestão do conhecimento; Observatório.";Em execução;2023;2025;IBICT/COTEC;Diego José Macêdo;Tecnologias para Construção de Observatórios;Tecnologias para Sistemas de Informação;Ciência da Informação
Plataforma Informacional para o Sistema Progredir.;"Sistema de informação; ecossitemas de informação; Gestão do conhecimento.";Em execução;2021;2024;IBICT/COTEC;Diego José Macêdo;Estudos em Tecnologias para Gestão da Informação - IBICT;"(1)Estudos em usabilidade e acessibilidade de ferramentas para gestão da informação científica;
(2)Estudos com protocolos de comunicação em interoperabilidade;
(3)Estudos em sistemas de representação da informação e do conhecimento;
(4)Estudos em sistemas indexadores, descoberta e entrega;
(5)Mídias para Divulgação Científica
(6)Pesquisas em prospecção, utilização, configuração, customização em ferramentas informatizadas para gestão da informação científica;";Ciência da Informação
Proposição de modelo de referência para construção de observatórios no âmbito governamental.;"Sistema de informação; ecossitemas de informação; Gestão do conhecimento; Observatório.";Em execução;2022;2025;IBICT/COTEC;Diego José Macêdo;Tecnologias para Construção de Observatórios;Tecnologias para Sistemas de Informação;Ciência da Informação
"Modelo para Tradução de Sistema de Revistas Científicas em Libras.
";"Libras; acessibilidade.
";Finalizado;2016;2021;IBICT/DIPCT;"Ronnie Fagundes de Brito
";"Estudos em Tecnologias para Gestão da Informação
";Estudos em usabilidade e acessibilidade de ferramentas para  gestão da informação científica.;"Multidisciplinar
- Linguistica e Engenharia / Tecnologia"
Observatório sobre Cooperação Internacional para o Desenvolvimento.;"Cooperacao Internacional; Observatorio; Inteligencia de Negocios."; Finalizado;2019;2021;IBICT/DIPCT;"Ronnie Fagundes de Brito
";Estudos em Tecnologias para Gestão da Informação;"Estudos com protocolos de comunicação em interoperabilidade; Estudos em sistemas de representação da informação e do conhecimento; e Estudos em sistemas indexadores, descoberta e entrega.";Multidisciplinar - Ciências Sociais e Engenharia / Tecnologia
Aprimoramento do Observatório sobre Cooperação Internacional para o Desenvolvimento.;"Cooperacao Internacional; Observatorio; Inteligencia de Negocios.";Em execução;2024;2025;IBICT/DIPCT;Ronnie Fagundes de Brito;Estudos em Tecnologias para Gestão da Informação;"Estudos com protocolos de comunicação em interoperabilidade; Estudos em sistemas de representação da informação e do conhecimento; e Estudos em sistemas indexadores, descoberta e entrega.";Multidisciplinar - Ciências Sociais e Engenharia / Tecnologia
Plataforma Ciência em Síntese.;"Divulgação científica; Multimídia; Jogos."; Finalizado;2022;2024;IBICT/DIPCT;Ronnie Fagundes de Brito;Núcleo de Estudos em Divulgação Científica do Canal Ciência;Comunicação e Divulgação Científica;Multidisciplinar - Divulgação Científica
Gamificação da Divulgação Científica no Canal Ciência.;"Divulgação científica; Multimídia; Jogos."; Finalizado;2022;2024;IBICT/DIPCT;Ronnie Fagundes de Brito;Núcleo de Estudos em Divulgação Científica do Canal Ciência;Ciência da Aprendizagem, Serious Games e Gamificação;Multidisciplinar - Divulgação Científica
Modernização da Plataforma de Popularização e Divulgação da Ciência e Tecnologia.;"Divulgação científica; Educação científica; Popularização da ciência.";Em Execução;2022;2024;IBICT/COIND;Leda Cardoso Sampson Pinto;Núcleo de Estudos em Divulgação Científica do Canal Ciência;Comunicação e Divulgação Científica;Divulgação Científica
Estudos para gamificação da Plataforma de Popularização e Divulgação da Ciência e Tecnologia.;"Divulgação científica; Educação científica; Popularização da ciência.";Em Execução;2022;2025;IBICT/COIND;Leda Cardoso Sampson Pinto;Núcleo de Estudos em Divulgação Científica do Canal Ciência;Comunicação e Divulgação Científica;Divulgação Científica
Estudos para Modernização dos Serviços de Divulgação Científica e Popularização da Ciência do IBICT/MCTI – Clube da Ciência.;"Divulgação científica; Educação científica; Popularização da ciência.";Finalizado;2020;2023;IBICT/COIND;Leda Cardoso Sampson Pinto;Núcleo de Estudos em Divulgação Científica do Canal Ciência;Comunicação e Divulgação Científica;Divulgação Científica
Dimensionamento da força de trabalho em secretarias de saúde para a tomada de decisão em gestão do trabalho em saúde a partir da coleta, estruturação e análise de dados quantitativos e qualitativos.;"Gestão da informação sobre trabalho em saúde; coleta, estruturação e análise de dados; Gestão pública; organização da informação; sistema de informação em saúde.";Finalizado;2019;2020;IBICT/COIND ;Hélia Chaves;Laboratório de Inovação e Estratégia em Governo;"(1) Gestão da Informação;
(2) Inovação em gestão pública;
(3) Organização da informação;
(4) Sistema de informação.

";Ciência da Informação
Integração dos acervos técnicos e científicos das Bibliotecas do Ministério da Ciência, Tecnologia, Inovações e Comunicações (MCTIC) e das Unidades de Pesquisa e de Entidades Vinculadas.;"Biblioteca; Biblioteca especializada; Biblioteconomia; Gestão da informação; Organização da Informação.";Finalizado;2017;2019;IBICT/CGIC;Bianca Amaro;Acesso Aberto à Informação Científica;"(1) Comunicação científica; 
(2) Acesso Aberto à Informação Científica; 
(3) Revistas científicas; 
(4) Repositórios Institucionais da Produção Científica; 
(5) Bibliotecas digitais de teses e dissertações; 
(6) Direito autoral; 
(7) Ciência Aberta;
(8) Dados de pesquisa.
";"Ciência da Informação; Biblioteconomia"
Pesquisa e desenvolvimento de ações para cooperação internacional em matéria de Ciência Aberta do Instituto Brasileiro de Informação em Ciência e Tecnologia (IBICT).;"Cooperação internacional; Ciência Aberta.";Finalizado;2018;2021;IBICT/CGIC;Bianca Amaro;Acesso Aberto à Informação Científica;"(1) Comunicação científica;
(2) Acesso Aberto à Informação Científica; 
(3) Revistas científicas; 
(4) Repositórios Institucionais da Produção Científica;
(5) Bibliotecas digitais de teses e dissertações; 
(6) Direito autoral; 
(7) Ciência Aberta; 
(8) Dados de pesquisa.

";Ciência da Informação
Pesquisa e desenvolvimento para organização da informação aos novos modelos de reuso de conteúdos digitais.;"Organização da informação; Gestão da informação; Acervo cultural; Conteúdo digital.
";Finalizado;2018;2019;IBICT/CGIC;Bianca Amaro;Acesso Aberto à Informação Científica;"(1) Comunicação científica; 
(2) Acesso Aberto à Informação Científica;
(3) Revistas científicas; 
(4) Repositórios Institucionais da Produção Científica; 
(5) Bibliotecas digitais de teses e dissertações; 
(6) Direito autoral; 
(7) Ciência Aberta; 
(8) Dados de pesquisa.
";Ciência da Informação
Fortalecimento dos laboratórios Multiusuários de Metodologias de Tratamento e Disseminação da Informação e de Digitalização (MULTIBICT).;"Análise de dados; Informação científica.";Finalizado;2016;2024;IBICT/CGIC;Bianca Amaro;Acesso Aberto à Informação Científica;Ciência de Dados ;Ciência da Informação
Desenvolvimento de estudos para facilitar a navegação e análise de publicações seriadas.;"Organização da informação; Representação da informação; Biblioteconomia; Ciência da Informação.";Finalizado;2021;2023;IBICT/CGIC;Bianca Amaro;Ciência Aberta e Acesso Aberto à Informação Científica;"(1) Comunicação científica
(2) Representação da informação
(3) Organização da informação 
(4) Interoperabilidade 
(5) Bibliografia 
(6) Registros bibliográficos 
(7) Ciência da computação
(8) Engenharia de software";Ciência da Informação / Biblioteconomia
Ceos IS - Plataforma Inteligente de Coleta, Organização, Certificação, Análise e Reuso da Informação.;Desenvolvimento de metodologias de coleta, organização, geração de identificadores persistentes e certificação da informação.;Em execução ;2022;2025;IBICT / CGIC;Bianca Amaro;Ciência Aberta e Acesso Aberto à Informação Científica;"(1) Comunicação científica; 
(2) Acesso Aberto à Informação Científica;
(3) Coleta, Organização, Certificação, Análise e Reuso da Informação
(4) Dados de pesquisa.
";Ciência da Informação
Acervo digital semântico da Funarte: aplicação de novos modelos de organização e interconexão da informação dos acervos digitalizados do CEDOC – IBICT/ FUNARTE.;"Organização da informação; Gestão da informação; Acervo cultural; Conteúdo digital.";Finalizado;2019;2021;IBICT/CGIC;Washington Segundo;Acesso Aberto à Informação Científica;"(1) Comunicação científica; 
(2) Acesso Aberto à Informação Científica;
(3) Revistas científicas; 
(4) Repositórios Institucionais da Produção Científica; 
(5) Bibliotecas digitais de teses e dissertações; 
(6) Direito autoral; 
(7) Ciência Aberta; 
(8) Dados de pesquisa.
";Ciência da Informação
Acervos em Rede e Gestão da Informação do Inventário Nacional de Referências Culturais – INRC – IBICT/IPHAN.;"Organização da informação; Gestão da informação; Acervo cultural; Conteúdo digital.";Finalizado;2019;2021;IBICT/CGIC;Washington Segundo;Acesso Aberto à Informação Científica;"(1) Comunicação científica; 
(2) Acesso Aberto à Informação Científica;
(3) Revistas científicas; 
(4) Repositórios Institucionais da Produção Científica; 
(5) Bibliotecas digitais de teses e dissertações; 
(6) Direito autoral; 
(7) Ciência Aberta; 
(8) Dados de pesquisa.
";Ciência da Informação
Estudos e desenvolvimento para interoperabilidade entre sistemas de informação visando a integração e gestão de conteúdos técnico-científicos. ;"Organização da informação; Gestão da informação; Ciência Aberta; Biblioteconomia.";Finalizado;2019;2022;IBICT/CGIC;Washington Segundo;Acesso Aberto à Informação Científica;"(1) Comunicação científica; 
(2) Ciência Aberta;
(3) Organização do conhecimento; 
(4) Interoperabilidade; 
(5) Bibliografia; 
(6) Registros bibliográficos; 
(7) Representação da informação; 
";Ciência da Informação
Repositório Digital de Produção Científica das Artes e piloto de agregação de Acervos Digitais de Artes – IBICT/FUNARTE/Projeto Repositório Digital de Artes.;"Organização da informação; Gestão da informação; Acervo cultural; Conteúdo digital.";Finalizado;2021;2022;IBICT/CGIC;Washington Segundo;Acesso Aberto à Informação Científica;"(1) Comunicação científica; 
(2) Acesso Aberto à Informação Científica;
(3) Revistas científicas; 
(4) Repositórios Institucionais da Produção Científica; 
(5) Bibliotecas digitais de teses e dissertações; 
(6) Direito autoral; 
(7) Ciência Aberta; 
(8) Dados de pesquisa.
";Ciência da Informação
Análise da Informação Científica e Implementação dos Princípios FAIR sobre o Ecossistema da Pesquisa Científica no Brasil.;"Organização da informação; Gestão da informação; Conteúdo digital; Análise de dados; Informação científica.";Finalizado;2021;2023;IBICT/CGIC;Washington Segundo;Acesso Aberto à Informação Científica;"(1) Comunicação científica; 
(2) Acesso Aberto à Informação Científica;
(3) Revistas científicas; 
(4) Repositórios Institucionais da Produção Científica; 
(5) Bibliotecas digitais de teses e dissertações; 
(6) Direito autoral; 
(7) Ciência Aberta; 
(8) Dados de pesquisa.
";Ciência da Informação
Acesso às Plataformas de Computação em Nuvem da AWS (Cloud Credits for Research) - Laguna Cloud.;"Lago de dados; Computação em nuvem; Big-data; Informação em CT&I; Repositórios e bases de dados. ";Em execução ;2023;2025;IBICT/CGIC;Washington Segundo;Acesso Aberto à Informação Científica;"(1) Lago de dados ;
(2) Coleta, tratamento e análise de dados;
(3) Coleta, tratamento e análise de informações;
(4) Inteligência artificial; Internet das coisas; Materiais avançados; Biotecnologia; e Nanotecnologia
(5) Promoção, Popularização e Divulgação da Ciência, Tecnologia e Inovação
";"Ciências Exatas e da Terra; Ciência da Computação;
Ciências Sociais Aplicadas; Ciência da Informação"
Pesquisa para desenvolvimento do Repositório de Dados Científicos do CNPq. (Lattes Data).;Repositórios, Dados de Pesquisa, Interoperabilidade, Reuso de Dados de Pesquisa.;Finalizado;2019;2023;IBICT/CGIC;Washington Segundo;Acesso Aberto à Informação Científica;"(1) Comunicação científica; 
(2) Acesso Aberto à Informação Científica;
(3) Revistas científicas; 
(4) Repositórios Institucionais da Produção Científica; 
(5) Bibliotecas digitais de teses e dissertações; 
(6) Dataverse
(7) Ciência Aberta; 
(8) Dados de pesquisa.
";Ciência da Informação
Programa de fomento estratégico nas macros áreas: TIC, ECONOMIA CRIATIVA, BIOTECNOLOGIA, CIÊNCIA, GESTÃO E GOVERNO DIGITAL - FAPDF.;Ecossistema da Pesquisa Científica, Agregação e Análise de Informações Cientificas.;Em execução;2021;2024;IBICT/CGIC;Washington Segundo;Acesso Aberto à Informação Científica;"(1) TIC 
(2) Economia Criativa
(3) Biotecnologia
(4) Ciência, Gestão e Governo Digital
";"Ciências Exatas e da Terra; Ciência da Computação; Ciências Sociais Aplicadas; Ciência da Informação"
Análise da Informação Científica e Implementação dos Princípios FAIR sobre o Ecossistema da Pesquisa Científica no Brasil.;"Desenvolvimento de análises e implementação dos princípios FAIR; ecossistema de pesquisa científica brasileira (BrCris). ";Em execução;2022;2024;IBICT/CGIC;Washington Segundo;Acesso Aberto à Informação Científica;"(1) Comunicação científica; 
(2) Acesso Aberto à Informação Científica;
(3) Coleta, Organização, Certificação, Análise e Reuso da Informação
(4) Dados de pesquisa.
";Ciência da Informação
Inteligência artificial e Ciência de Dados aplicadas ao tratamento, uso e geração de serviços a partir dos acervos bibliográficos científicos e técnicos.;"Organização da informação; Representação da informação; Biblioteconomia; Ciência da Informação.";Em execução;2021;2025;IBICT / COBIB;Washington Segundo;Laboratório de estudos e práticas em Organização da Informação e Tecnologias (LOITec);"(1) Comunicação científica
(2) Representação da informação
(3) Organização da informação 
(4) Interoperabilidade 
(5) Registros bibliográficos 
(6) Ciência de dados
(7) Ciência da computação
(8) Engenharia de software";Ciência da Informação / Biblioteconomia
BIBI: Bibliotecas Inteligentes para uma Brasília Inteligente.;Inclusão Social, digital e informacional.;Em execução;2022;2025;IBICT / COBIB;Washington Segundo;Laboratório de estudos e práticas em Organização da Informação e Tecnologias (LOITec);Bibliotecas humanas, inteligentes, criativas e sustentáveis;Ciência da Informação / Biblioteconomia
MetaBibLink: metadados semânticos para o acervo da biblioteca “Lydia de Queiroz Sambaquy”.;"Organização da informação; Gestão da informação; Conteúdo digital; Análise de dados; Informação científica.";Em execução;2023;2025;IBICT /COBIB;Washington Segundo;Laboratório de estudos e práticas em Organização da Informação e Tecnologias (LOITec);"Dados bibliográficos e metadados; Inteligência artificial e catálogos";Ciência da Informação / Biblioteconomia
Transformação Digital do Centro Brasileiro do ISSN (CBISSN).;"Organização da informação; Gestão da informação; Conteúdo digital; Análise de dados; Informação científica.";Em execução;2023;2025;IBICT /COBIB;Washington Segundo;Laboratório de estudos e práticas em Organização da Informação e Tecnologias (LOITec);"Dados bibliográficos e metadados; Inteligência artificial e catálogos";Ciência da Informação / Biblioteconomia
"Estudo para revitalização da biblioteca ""Lydia de Queiroz Sambaquy"".";"Organização da informação; Gestão da informação; Conteúdo digital; Análise de dados; Informação científica.";Em execução;2023;2025;IBICT / COBIB;Washington Segundo;Laboratório de estudos e práticas em Organização da Informação e Tecnologias (LOITec);"Dados bibliográficos e metadados; Inteligência artificial e catálogos; Bibliotecas humanas, inteligentes, criativas e sustentáveis";Ciência da Informação
Inteligência Artificial para Transcrição Paleográfica de Manuscritos.;Inteligência Artificial, Paleografia, HTR.;Em Execução;2023;2024;IBICT/COPAV;Henrique Denes Hilgenberg Fernandes;LEI - Laboratório de Ecossistemas Informacionais;Aprendizado de máquina;Ciência da Informação
Métricas para a Ciência: Indicadores.;Cientometria, Altmetria, Indicadores.;Em Execução;2024;2025;IBICT/COPAV;Henrique Denes Hilgenberg Fernandes;LEI - Laboratório de Ecossistemas Informacionais;Sociologia da Ciência;Ciência da Informação
Avaliação da divulgação científica pelo estudo do fluxo das menções altmétricas em ciência da informação.;Cientometria, Altmetria, Fluxo da Informação.;Em Execução;2024;2026;IBICT/COPAV;Henrique Denes Hilgenberg Fernandes;LEI - Laboratório de Ecossistemas Informacionais;Comunicação Científica;Ciência da Informação
LABMULT - Laboratório Multiusuário de Informação.;Ciência dos dados, Repositórios, Lago de Dados.;Em Execução;2024;2026;IBICT/COPAV;Henrique Denes Hilgenberg Fernandes;LEI - Laboratório de Ecossistemas Informacionais;Ciência dos dados;Ciência da Informação
Estudo para Consolidação do Planejamento Institucional do Instituto Brasileiro de Informação em Ciência e Tecnologia (Ibict) a partir da avaliação do Plano Diretor 2018-2022.;Ciência da Informação.;Em Execução;2024;2025;IBICT/COPAV;Henrique Denes Hilgenberg Fernandes;LEI - Laboratório de Ecossistemas Informacionais;Ciência da Informação;Ciência da Informação
Inovação na Divulgação Científica: estratégias de fortalecimento e expansão a partir das pesquisas aplicadas do Ibict.;Impacto social das pesquisas aplicadas do Ibict, práticas de Ciência Aberta, plataformas digitais e serviços informacionais.;Em Execução;2024;2027;IBICT/CGIT;Cecília Leite;Divulgação cientifica como instrumento de transformação social;"Políticas Públicas para a Inclusão Digital ; Inovação na Divulgação Científica: estratégias de fortalecimento e expansão a partir das pesquisas aplicadas do Ibict";"Ciência da Informação; Ciências Sociais Aplicadas"
Modernização do SICV Brasil.;SICV Brasil, Inventários do Ciclo de Vida, Avaliação do Ciclo de Vida, Sustentabilidade.;Em Execução;2024;2026;IBICT/COTEA;Silvana Vidotti;INSUMO - Informação para inovação, sustentabilidade e monitoramento;Informação para sustentabilidade;Interdisciplinar (Ciências exatas e da terra, Ciências Biológicas, Ciências Agrárias, Ciências Sociais Aplicadas e Engenharias)
CicloData - Base de Dados Chilena de ACV.;Ciclo de Vida, Base de Dados, Inventários do Ciclo de Vida, Chile.;Em Execução;2024;2026;IBICT/COTEA;Silvana Vidotti;INSUMO - Informação para inovação, sustentabilidade e monitoramento;Informação para sustentabilidade;Interdisciplinar (Ciências exatas e da terra, Ciências Biológicas, Ciências Agrárias, Ciências Sociais Aplicadas e Engenharias)
Eco-Advance - Rotulagem Ambiental e Compras Públicas.;Rotulagem Ambiental, Compras Públicas Sustentáveis.;Em Execução;2022;2026;IBICT/COTEA;Silvana Vidotti;INSUMO - Informação para inovação, sustentabilidade e monitoramento;Informação para sustentabilidade;Interdisciplinar (Ciências exatas e da terra, Ciências Biológicas, Ciências Agrárias, Ciências Sociais Aplicadas e Engenharias)
Modernização da Informação Tecnológica.;Sustentabilidade, avaliação do ciclo de vida, inventários, banco de dados.;Em Execução;2022;2024;IBICT/COTEA;Silvana Vidotti;LIS - Laboratório de Informação para a Sustentabilidade;Informação e Sociedade;Ciência da Informação
Modernização do SICV.;Sustentabilidade, avaliação do ciclo de vida, inventários, banco de dados.;Em Execução;2022;2024;IBICT/COTEA;Silvana Vidotti;LIS - Laboratório de Informação para a Sustentabilidade; Informação científica e tecnológica;Ciência da Informação
Informação para sustentabilidade dos usos e serviços sociobioeconômicos da biodiversidade brasileira;"Informação para sustentabilidade; uso sustentável; serviços ambientais; serviços ecossistêmicos; economia verde; sociobioeconomia";Em execução;2024;2026;IBICT/COTEA;Wagner Fischer;LIS - Laboratório de Informação para a Sustentabilidade;"(i) Pesquisa e gestão da informação para sustentabilidade; 
(ii) Pesquisa, desenvolvimento e inovação aplicados à sustentabilidade; 
(iii) Economia verde/economia dos recursos naturais/sociobioeconomia; 
(iv) Manejo e uso sustentável de recursos naturais; 
(v) Conservação da biodiversidade.";"Ciência da Informação, Ecologia Aplicada (Conservação); Economia dos Recursos Naturais; Divulgação Científica (Multidisciplinar)"
Sistema de Informação Tecnológica e Tecnologia Social: construindo Soluções Informacionais para Circuitos Curtos de Comercialização de Cestas de Produtos da Reforma Agrária;"Informação Tecnológica para o Setor Produtivo; Tecnologia Social; Informação e Tecnologia Social; Economia Solidária; Sistema Integrado de Gestão Empresarial para Movimentos Sociais";Em execução;2024;2025;IBICT/COEPI;Andreia Ingrid Michele do Nascimento;INSUMO - Informação para Inovação, Sustentabilidade e Monitoramento ;"(i) Informação para Sustentabilidade e;
(ii) Infraestruturas informacionais";"Ciência da Informação; Desenvolvimento Econômico; Tecnologia Social (Multidisciplinar)"
Paisagens dos vales e terras altas e a memória da alimentação no Brasil: informação, tradição e inovação em práticas de cultivo agrícola;"transformação da paisagem; saberes locais; informação em c&T; geoprocessamento";Em execução;2024;2025;IBICT/COTEA;Maria de Fátima Duarte Tavares;Transformações da paisagem, informação e memória;"Informação e sociedade; informação e políticas públicas;";História agrária, ciência da informação, ciências florestais e geoprocessamento (multidisciplinar) 
O desafio do combate à desinformação no PPA 2024-27;"desinformação; avaliação de políticas públicas; PPA 24-27; defesa da democracia; informação íntegra";Em execução;2024;2025;IBICT/COTEA;Milena Bendazzoli Simões;LIS - Laboratório de Informação para a Sustentabilidade;Informação e Sociedade;Interdisciplinar: Ciências Sociais Aplicadas e Ciência da Informação
Competência crítica em informação para o novo regime de informação.;"Regime de informação; competência em informação.";Finalizado;2021;2024;IBICT/COEPI;Arthur Coelho Bezerra;ESCRITOS – Estudos críticos em informação, tecnologia e organização social ;"Configurações Socioculturais, Políticas e Econômicas da Informação
";"Ciência da Informação
"
Inteligência artificial e qualidade de vida no ecossistema digital: a busca por autonomia no capitalismo de vigilância;"Inteligência Artificial; desinformação,; ética da informação";Em Execução ;2023;2026;IBICT/COEPI;Arthur Coelho Bezerra;ESCRITOS – Estudos críticos em informação, tecnologia e organização social ;Configurações Socioculturais, Políticas e Econômicas da Informação;Ciência da Informação
Inteligência Artificial e desinformação: dilemas éticos da era digital;"Inteligência Artificial; desinformação,; ética da informação";Em Execução ;2024;2027;IBICT/COEPI;Arthur Coelho Bezerra;ESCRITOS – Estudos críticos em informação, tecnologia e organização social ;Configurações Socioculturais, Políticas e Econômicas da Informação;Ciência da Informação
Integrando Ciência, Tecnologia e Empreendedorismo no Ensino de Tecnologia e Robótica Espacial;Educação científica e tecnológica, nanosatélite, comunicação espacial;Em Execução ;2024;2025;CGIT;Paulo Monteiro Vieira Braga Barone;Educação e Informação em Ciência,Tecnologia, Inovação e Politicas Públicas.;Educação e Divulgação em Ciência e Tecnologia;Educação
Memória CCT: Conselho Nacional de Ciência e Tecnologia;Conselho Nacional de Ciência e Tecnologia, políticas de CT&I, memória;Em Execução ;2024;2025;CGIT;Paulo Monteiro Vieira Braga Barone;Educação e Informação em Ciência,Tecnologia, Inovação e Politicas Públicas.;Educação e Divulgação em Ciência e Tecnologia;Ciência da Informação
;;;;;;;;;
;;;;;;;;;
;;;;;;;;;
;;;;;;;;;
;;;;;;;;;
;;;;;;;;;
;;;;;;;;;
;;;;;;;;;
;;;;;;;;;
;;;;;;;;;
;;;;;;;;;
;;;;;;;;;
;;;;;;;;;
;;;;;;;;;
;;;;;;;;;
;;;;;;;;;
;;;;;;;;;
;;;;;;;;;
;;;;;;;;;
;;;;;;;;;
;;;;;;;;;
;;;;;;;;;
;;;;;;;;;
;;;;;;;;;
;;;;;;;;;
;;;;;;;;;
;;;;;;;;;
;;;;;;;;;
;;;;;;;;;
;;;;;;;;;
;;;;;;;;;
;;;;;;;;;
;;;;;;;;;
;;;;;;;;;
;;;;;;;;;
;;;;;;;;;
;;;;;;;;;
;;;;;;;;;
;;;;;;;;;
;;;;;;;;;
;;;;;;;;;
;;;;;;;;;
;;;;;;;;;
;;;;;;;;;
;;;;;;;;;
;;;;;;;;;
;;;;;;;;;
;;;;;;;;;
;;;;;;;;;
;;;;;;;;;
;;;;;;;;;
;;;;;;;;;
;;;;;;;;;
;;;;;;;;;
;;;;;;;;;
;;;;;;;;;
;;;;;;;;;
;;;;;;;;;
;;;;;;;;;
;;;;;;;;;
;;;;;;;;;
;;;;;;;;;
;;;;;;;;;
;;;;;;;;;
;;;;;;;;;
;;;;;;;;;
;;;;;;;;;
;;;;;;;;;
;;;;;;;;;
;;;;;;;;;
;;;;;;;;;
;;;;;;;;;
;;;;;;;;;
;;;;;;;;;
;;;;;;;;;
;;;;;;;;;
;;;;;;;;;
;;;;;;;;;
;;;;;;;;;
;;;;;;;;;
;;;;;;;;;
;;;;;;;;;
;;;;;;;;;
;;;;;;;;;
;;;;;;;;;
;;;;;;;;;
;;;;;;;;;
;;;;;;;;;
;;;;;;;;;
;;;;;;;;;
;;;;;;;;;
;;;;;;;;;
;;;;;;;;;
;;;;;;;;;
;;;;;;;;;
;;;;;;;;;
;;;;;;;;;
;;;;;;;;;
;;;;;;;;;
;;;;;;;;;
;;;;;;;;;
;;;;;;;;;
;;;;;;;;;
;;;;;;;;;
;;;;;;;;;
;;;;;;;;;
;;;;;;;;;
;;;;;;;;;
;;;;;;;;;
;;;;;;;;;
;;;;;;;;;
;;;;;;;;;
;;;;;;;;;
;;;;;;;;;
;;;;;;;;;
;;;;;;;;;
;;;;;;;;;
;;;;;;;;;
;;;;;;;;;
;;;;;;;;;
;;;;;;;;;
;;;;;;;;;
;;;;;;;;;
;;;;;;;;;
;;;;;;;;;
;;;;;;;;;
;;;;;;;;;
;;;;;;;;;
;;;;;;;;;
;;;;;;;;;
;;;;;;;;;
;;;;;;;;;
;;;;;;;;;
;;;;;;;;;
;;;;;;;;;
;;;;;;;;;
;;;;;;;;;
;;;;;;;;;
;;;;;;;;;
;;;;;;;;;
;;;;;;;;;
;;;;;;;;;
;;;;;;;;;
;;;;;;;;;
;;;;;;;;;
;;;;;;;;;
;;;;;;;;;
;;;;;;;;;
;;;;;;;;;
;;;;;;;;;
;;;;;;;;;
;;;;;;;;;
;;;;;;;;;
;;;;;;;;;
;;;;;;;;;
;;;;;;;;;
;;;;;;;;;
;;;;;;;;;
;;;;;;;;;
;;;;;;;;;
;;;;;;;;;
;;;;;;;;;
;;;;;;;;;
;;;;;;;;;
;;;;;;;;;
;;;;;;;;;
;;;;;;;;;
;;;;;;;;;
;;;;;;;;;
;;;;;;;;;
;;;;;;;;;
;;;;;;;;;
;;;;;;;;;
;;;;;;;;;
;;;;;;;;;
;;;;;;;;;
;;;;;;;;;
;;;;;;;;;
;;;;;;;;;
;;;;;;;;;
;;;;;;;;;
;;;;;;;;;
;;;;;;;;;
;;;;;;;;;
;;;;;;;;;
;;;;;;;;;
;;;;;;;;;
;;;;;;;;;
;;;;;;;;;
;;;;;;;;;
;;;;;;;;;
;;;;;;;;;
;;;;;;;;;
;;;;;;;;;
;;;;;;;;;
;;;;;;;;;
;;;;;;;;;
;;;;;;;;;
;;;;;;;;;
;;;;;;;;;
;;;;;;;;;
;;;;;;;;;
;;;;;;;;;
;;;;;;;;;
;;;;;;;;;
;;;;;;;;;
;;;;;;;;;
;;;;;;;;;
;;;;;;;;;
;;;;;;;;;
;;;;;;;;;
;;;;;;;;;
;;;;;;;;;
;;;;;;;;;
;;;;;;;;;
;;;;;;;;;
;;;;;;;;;
;;;;;;;;;
;;;;;;;;;
;;;;;;;;;
;;;;;;;;;
;;;;;;;;;
;;;;;;;;;
;;;;;;;;;
;;;;;;;;;
;;;;;;;;;
;;;;;;;;;
;;;;;;;;;
;;;;;;;;;
;;;;;;;;;
;;;;;;;;;
;;;;;;;;;
;;;;;;;;;
;;;;;;;;;
;;;;;;;;;
;;;;;;;;;
;;;;;;;;;
;;;;;;;;;
;;;;;;;;;
;;;;;;;;;
;;;;;;;;;
;;;;;;;;;
;;;;;;;;;
;;;;;;;;;
;;;;;;;;;
;;;;;;;;;
;;;;;;;;;
;;;;;;;;;
;;;;;;;;;
;;;;;;;;;
;;;;;;;;;
;;;;;;;;;
;;;;;;;;;
;;;;;;;;;
;;;;;;;;;
;;;;;;;;;
;;;;;;;;;
;;;;;;;;;
;;;;;;;;;
;;;;;;;;;
;;;;;;;;;
;;;;;;;;;
;;;;;;;;;
;;;;;;;;;
;;;;;;;;;
;;;;;;;;;
;;;;;;;;;
;;;;;;;;;
;;;;;;;;;
;;;;;;;;;
;;;;;;;;;
;;;;;;;;;
;;;;;;;;;
;;;;;;;;;
;;;;;;;;;
;;;;;;;;;
;;;;;;;;;
;;;;;;;;;
;;;;;;;;;
;;;;;;;;;
;;;;;;;;;
;;;;;;;;;
;;;;;;;;;
;;;;;;;;;
;;;;;;;;;
;;;;;;;;;
;;;;;;;;;
;;;;;;;;;
;;;;;;;;;
;;;;;;;;;
;;;;;;;;;
;;;;;;;;;
;;;;;;;;;
;;;;;;;;;
;;;;;;;;;
;;;;;;;;;
;;;;;;;;;
;;;;;;;;;
;;;;;;;;;
;;;;;;;;;
;;;;;;;;;
;;;;;;;;;
;;;;;;;;;
;;;;;;;;;
;;;;;;;;;
;;;;;;;;;
;;;;;;;;;
;;;;;;;;;
;;;;;;;;;
;;;;;;;;;
;;;;;;;;;
;;;;;;;;;
;;;;;;;;;
;;;;;;;;;
;;;;;;;;;
;;;;;;;;;
;;;;;;;;;
;;;;;;;;;
;;;;;;;;;
;;;;;;;;;
;;;;;;;;;
;;;;;;;;;
;;;;;;;;;
;;;;;;;;;
;;;;;;;;;
;;;;;;;;;
;;;;;;;;;
;;;;;;;;;
;;;;;;;;;
;;;;;;;;;
;;;;;;;;;
;;;;;;;;;
;;;;;;;;;
;;;;;;;;;
;;;;;;;;;
;;;;;;;;;
;;;;;;;;;
;;;;;;;;;
;;;;;;;;;
;;;;;;;;;
;;;;;;;;;
;;;;;;;;;
;;;;;;;;;
;;;;;;;;;
;;;;;;;;;
;;;;;;;;;
;;;;;;;;;
;;;;;;;;;
;;;;;;;;;
;;;;;;;;;
;;;;;;;;;
;;;;;;;;;
;;;;;;;;;
;;;;;;;;;
;;;;;;;;;
;;;;;;;;;
;;;;;;;;;
;;;;;;;;;
;;;;;;;;;
;;;;;;;;;
;;;;;;;;;
;;;;;;;;;
;;;;;;;;;
;;;;;;;;;
;;;;;;;;;
;;;;;;;;;
;;;;;;;;;
;;;;;;;;;
;;;;;;;;;
;;;;;;;;;
;;;;;;;;;
;;;;;;;;;
;;;;;;;;;
;;;;;;;;;
;;;;;;;;;
;;;;;;;;;
;;;;;;;;;
;;;;;;;;;
;;;;;;;;;
;;;;;;;;;
;;;;;;;;;
;;;;;;;;;
;;;;;;;;;
;;;;;;;;;
;;;;;;;;;
;;;;;;;;;
;;;;;;;;;
;;;;;;;;;
;;;;;;;;;
;;;;;;;;;
;;;;;;;;;
;;;;;;;;;
;;;;;;;;;
;;;;;;;;;
;;;;;;;;;
;;;;;;;;;
;;;;;;;;;
;;;;;;;;;
;;;;;;;;;
;;;;;;;;;
;;;;;;;;;
;;;;;;;;;
;;;;;;;;;
;;;;;;;;;
;;;;;;;;;
;;;;;;;;;
;;;;;;;;;
;;;;;;;;;
;;;;;;;;;
;;;;;;;;;
;;;;;;;;;
;;;;;;;;;
;;;;;;;;;
;;;;;;;;;
;;;;;;;;;
;;;;;;;;;
;;;;;;;;;
;;;;;;;;;
;;;;;;;;;
;;;;;;;;;
;;;;;;;;;
;;;;;;;;;
;;;;;;;;;
;;;;;;;;;
;;;;;;;;;
;;;;;;;;;
;;;;;;;;;
;;;;;;;;;
;;;;;;;;;
;;;;;;;;;
;;;;;;;;;
;;;;;;;;;
;;;;;;;;;
;;;;;;;;;
;;;;;;;;;
;;;;;;;;;
;;;;;;;;;
;;;;;;;;;
;;;;;;;;;
;;;;;;;;;
;;;;;;;;;
;;;;;;;;;
;;;;;;;;;
;;;;;;;;;
;;;;;;;;;
;;;;;;;;;
;;;;;;;;;
;;;;;;;;;
;;;;;;;;;
;;;;;;;;;
;;;;;;;;;
;;;;;;;;;
;;;;;;;;;
;;;;;;;;;
;;;;;;;;;
;;;;;;;;;
;;;;;;;;;
;;;;;;;;;
;;;;;;;;;
;;;;;;;;;
;;;;;;;;;
;;;;;;;;;
;;;;;;;;;
;;;;;;;;;
;;;;;;;;;
;;;;;;;;;
;;;;;;;;;
;;;;;;;;;
;;;;;;;;;
;;;;;;;;;
;;;;;;;;;
;;;;;;;;;
;;;;;;;;;
;;;;;;;;;
;;;;;;;;;
;;;;;;;;;
;;;;;;;;;
;;;;;;;;;
;;;;;;;;;
;;;;;;;;;
;;;;;;;;;
;;;;;;;;;
;;;;;;;;;
;;;;;;;;;
;;;;;;;;;
;;;;;;;;;
;;;;;;;;;
;;;;;;;;;
;;;;;;;;;
;;;;;;;;;
;;;;;;;;;
;;;;;;;;;
;;;;;;;;;
;;;;;;;;;
;;;;;;;;;
;;;;;;;;;
;;;;;;;;;
;;;;;;;;;
;;;;;;;;;
;;;;;;;;;
;;;;;;;;;
;;;;;;;;;
;;;;;;;;;
;;;;;;;;;
;;;;;;;;;
;;;;;;;;;
;;;;;;;;;
;;;;;;;;;
;;;;;;;;;
;;;;;;;;;
;;;;;;;;;
;;;;;;;;;
;;;;;;;;;
;;;;;;;;;
;;;;;;;;;
;;;;;;;;;
;;;;;;;;;
;;;;;;;;;
;;;;;;;;;
;;;;;;;;;
;;;;;;;;;
;;;;;;;;;
;;;;;;;;;
;;;;;;;;;
;;;;;;;;;
;;;;;;;;;
;;;;;;;;;
;;;;;;;;;
;;;;;;;;;
;;;;;;;;;
;;;;;;;;;
;;;;;;;;;
;;;;;;;;;
;;;;;;;;;
;;;;;;;;;
;;;;;;;;;
;;;;;;;;;
;;;;;;;;;
;;;;;;;;;
;;;;;;;;;
;;;;;;;;;
;;;;;;;;;
;;;;;;;;;
;;;;;;;;;
;;;;;;;;;
;;;;;;;;;
;;;;;;;;;
;;;;;;;;;
;;;;;;;;;
;;;;;;;;;
;;;;;;;;;
;;;;;;;;;
;;;;;;;;;
;;;;;;;;;
;;;;;;;;;
;;;;;;;;;
;;;;;;;;;
;;;;;;;;;
;;;;;;;;;
;;;;;;;;;
;;;;;;;;;
;;;;;;;;;
;;;;;;;;;
;;;;;;;;;
;;;;;;;;;
;;;;;;;;;
;;;;;;;;;
;;;;;;;;;
;;;;;;;;;
;;;;;;;;;
;;;;;;;;;
;;;;;;;;;
;;;;;;;;;
;;;;;;;;;
;;;;;;;;;
;;;;;;;;;
;;;;;;;;;
;;;;;;;;;
;;;;;;;;;
;;;;;;;;;
;;;;;;;;;
;;;;;;;;;
;;;;;;;;;
;;;;;;;;;
;;;;;;;;;
;;;;;;;;;
;;;;;;;;;
;;;;;;;;;
;;;;;;;;;
;;;;;;;;;
;;;;;;;;;
;;;;;;;;;
;;;;;;;;;
;;;;;;;;;
;;;;;;;;;
;;;;;;;;;
;;;;;;;;;
;;;;;;;;;
;;;;;;;;;
;;;;;;;;;
;;;;;;;;;
;;;;;;;;;
;;;;;;;;;
;;;;;;;;;
;;;;;;;;;
;;;;;;;;;
;;;;;;;;;
;;;;;;;;;
;;;;;;;;;
;;;;;;;;;
;;;;;;;;;
;;;;;;;;;
;;;;;;;;;
;;;;;;;;;
;;;;;;;;;
;;;;;;;;;
;;;;;;;;;
;;;;;;;;;
;;;;;;;;;
;;;;;;;;;
;;;;;;;;;
;;;;;;;;;
;;;;;;;;;
;;;;;;;;;
;;;;;;;;;
;;;;;;;;;
;;;;;;;;;
;;;;;;;;;
;;;;;;;;;
;;;;;;;;;
;;;;;;;;;
;;;;;;;;;
;;;;;;;;;
;;;;;;;;;
;;;;;;;;;
;;;;;;;;;
;;;;;;;;;
;;;;;;;;;
;;;;;;;;;
;;;;;;;;;
;;;;;;;;;
;;;;;;;;;
;;;;;;;;;
;;;;;;;;;
;;;;;;;;;
;;;;;;;;;
;;;;;;;;;
;;;;;;;;;
;;;;;;;;;
;;;;;;;;;
;;;;;;;;;
;;;;;;;;;
;;;;;;;;;
;;;;;;;;;
;;;;;;;;;
;;;;;;;;;
;;;;;;;;;
;;;;;;;;;
;;;;;;;;;
;;;;;;;;;
;;;;;;;;;
;;;;;;;;;
;;;;;;;;;
;;;;;;;;;
;;;;;;;;;
;;;;;;;;;
;;;;;;;;;
;;;;;;;;;
;;;;;;;;;
;;;;;;;;;
;;;;;;;;;
;;;;;;;;;
;;;;;;;;;
;;;;;;;;;
;;;;;;;;;
;;;;;;;;;
;;;;;;;;;
;;;;;;;;;
;;;;;;;;;
;;;;;;;;;
;;;;;;;;;
;;;;;;;;;
;;;;;;;;;
;;;;;;;;;
;;;;;;;;;
;;;;;;;;;
;;;;;;;;;
;;;;;;;;;
;;;;;;;;;
;;;;;;;;;
;;;;;;;;;
;;;;;;;;;
;;;;;;;;;
;;;;;;;;;
;;;;;;;;;
;;;;;;;;;
;;;;;;;;;
;;;;;;;;;
;;;;;;;;;
;;;;;;;;;
;;;;;;;;;
;;;;;;;;;
;;;;;;;;;
;;;;;;;;;
;;;;;;;;;
;;;;;;;;;
;;;;;;;;;
;;;;;;;;;
;;;;;;;;;
;;;;;;;;;
;;;;;;;;;
;;;;;;;;;
;;;;;;;;;
;;;;;;;;;
;;;;;;;;;
;;;;;;;;;
;;;;;;;;;
;;;;;;;;;
;;;;;;;;;
;;;;;;;;;
;;;;;;;;;
;;;;;;;;;
;;;;;;;;;
;;;;;;;;;
;;;;;;;;;
;;;;;;;;;
;;;;;;;;;
;;;;;;;;;
;;;;;;;;;
;;;;;;;;;
;;;;;;;;;
;;;;;;;;;
;;;;;;;;;
;;;;;;;;;
;;;;;;;;;
;;;;;;;;;
;;;;;;;;;
;;;;;;;;;
;;;;;;;;;
;;;;;;;;;
;;;;;;;;;
;;;;;;;;;
;;;;;;;;;
;;;;;;;;;
;;;;;;;;;
;;;;;;;;;
;;;;;;;;;
;;;;;;;;;
;;;;;;;;;
;;;;;;;;;
;;;;;;;;;
;;;;;;;;;
;;;;;;;;;
;;;;;;;;;
;;;;;;;;;
;;;;;;;;;
;;;;;;;;;
;;;;;;;;;
;;;;;;;;;
;;;;;;;;;
;;;;;;;;;
;;;;;;;;;
;;;;;;;;;
;;;;;;;;;
;;;;;;;;;
;;;;;;;;;
;;;;;;;;;
;;;;;;;;;
;;;;;;;;;
;;;;;;;;;
;;;;;;;;;
;;;;;;;;;
;;;;;;;;;
;;;;;;;;;
;;;;;;;;;
;;;;;;;;;
;;;;;;;;;
;;;;;;;;;
;;;;;;;;;
;;;;;;;;;
;;;;;;;;;
;;;;;;;;;
;;;;;;;;;
;;;;;;;;;
;;;;;;;;;
;;;;;;;;;
;;;;;;;;;
;;;;;;;;;
;;;;;;;;;
;;;;;;;;;
;;;;;;;;;
;;;;;;;;;
;;;;;;;;;
;;;;;;;;;
;;;;;;;;;
;;;;;;;;;
;;;;;;;;;
;;;;;;;;;
;;;;;;;;;
;;;;;;;;;
;;;;;;;;;
;;;;;;;;;
;;;;;;;;;
;;;;;;;;;
;;;;;;;;;
;;;;;;;;;
;;;;;;;;;
;;;;;;;;;
;;;;;;;;;
;;;;;;;;;
;;;;;;;;;
;;;;;;;;;
;;;;;;;;;
;;;;;;;;;
;;;;;;;;;
;;;;;;;;;
;;;;;;;;;
;;;;;;;;;
;;;;;;;;;
;;;;;;;;;
;;;;;;;;;
;;;;;;;;;
;;;;;;;;;
;;;;;;;;;
;;;;;;;;;
;;;;;;;;;
;;;;;;;;;
;;;;;;;;;
;;;;;;;;;
;;;;;;;;;
;;;;;;;;;
;;;;;;;;;
;;;;;;;;;
;;;;;;;;;
;;;;;;;;;
;;;;;;;;;
;;;;;;;;;
;;;;;;;;;
;;;;;;;;;
;;;;;;;;;
;;;;;;;;;
;;;;;;;;;
;;;;;;;;;
;;;;;;;;;
;;;;;;;;;
;;;;;;;;;
;;;;;;;;;
